title,url
Synadia and TigerBeetle Commit $512k USD to the Zig Software Foundation,https://www.synadia.com/blog/synadia-tigerbeetle-zig-foundation-pledge
Rock Tumbler Instructions: Turning Rough Rocks into Beautiful Tumbled Stones,https://rocktumbler.com/tips/rock-tumbler-instructions/
Libera Chat receives legal advice that the Online Safety Act does not apply to,https://libera.chat/news/advised
Making a micro Linux distro (2023),https://popovicu.com/posts/making-a-micro-linux-distro/
The future of Python web services looks GIL-free,https://blog.baro.dev/p/the-future-of-python-web-services-looks-gil-free
Unlocking free WiFi on British Airways,https://www.saxrag.com/tech/reversing/2025/06/01/BAWiFi.html
React vs. Backbone in 2025,https://backbonenotbad.hyperclay.com/
The Swift SDK for Android,https://www.swift.org/blog/nightly-swift-sdk-for-android/
People with blindness can read again after retinal implant and special glasses,https://www.nbcnews.com/health/health-news/tiny-eye-implant-special-glasses-legally-blind-patients-can-read-rcna238488
Magic sizes enable high-fidelity assembly of programmable shells,https://arxiv.org/abs/2411.03720
Valetudo: Cloud replacement for vacuum robots enabling local-only operation,https://valetudo.cloud/
First convex polyhedron found that can't pass through itself,https://www.quantamagazine.org/first-shape-found-that-cant-pass-through-itself-20251024/
Key IOCs for Pegasus and Predator Spyware Removed with iOS 26 Update,https://iverify.io/blog/key-iocs-for-pegasus-and-predator-spyware-cleaned-with-ios-26-update
Study: MRI contrast agent causes harmful metal buildup in some patients,https://www.ormanager.com/briefs/study-mri-contrast-agent-causes-harmful-metal-buildup-in-some-patients/
The State of Machine Learning Frameworks in 2019,https://thegradient.pub/state-of-ml-frameworks-2019-pytorch-dominates-research-tensorflow-dominates-industry/
Harnessing America's heat pump moment,https://www.heatpumped.org/p/harnessing-america-s-heat-pump-moment
Context engineering is sleeping on the humble hyperlink,https://mbleigh.dev/posts/context-engineering-with-links/
Jacqueline â€“ A minimal i386 kernel written in Pascal,https://github.com/danirod/jacqueline
Windows 10 Deadline Boosts Mac Sales,https://www.macrumors.com/2025/10/25/windows-10-deadline-boosts-mac-sales/
What is intelligence? (2024),https://whatisintelligence.antikythera.org/
