title,author,genre,description
The Silent Forest,Jane Hill,Mystery,A detective uncovers secrets hidden deep in the woods while chasing a serial killer.
Whispers of the Ocean,Liam Carter,Romance,Two strangers meet on a remote island and discover love amidst crashing waves and forgotten dreams.
Digital Shadows,Ava Thompson,Thriller,A hacker gets entangled in a government conspiracy after uncovering a classified digital footprint.
Echoes of Time,Daniel Reyes,Science Fiction,A scientist accidentally opens a rift in time and must race to prevent the collapse of reality.
The Last Heir,Sophie Bennett,Historical Fiction,"In the aftermath of a royal betrayal, a young noblewoman must reclaim her familyâ€™s honor and legacy."
Beneath the Crimson Sky,Oliver Grant,Adventure,An explorer journeys through uncharted lands searching for a lost civilization buried under red sands.
The Art of Disappearing,Clara Nguyen,Psychological Fiction,"A woman slowly erases herself from her own life, leaving behind only cryptic journal entries."
Neon City Nights,Marcus Cole,Cyberpunk,"In a future ruled by corporations, a street detective unravels the truth about a city built on lies."
Garden of Secrets,Elena Brooks,Drama,A family estate hides more than just memories when buried letters reveal decades of deception.
When Stars Collide,Noah Patel,Young Adult,Two teens from different worlds find their destinies intertwined under the endless summer sky.
